{"acc": 99, "_timestamp": 1694141683.120673, "_runtime": 173.7759668827057, "_step": 219, "p": 90, "Eval/acc": 99, "Eval/p": 90, "_wandb": {"runtime": 3}}